CustomerID,TotalPurchaseAmount,PurchaseFrequency,LastPurchaseDate,ProductCategories,TotalItemsPurchased,ReturnsCount,AveragePurchaseValue,DaysSinceLastPurchase,AverageItemsPerPurchase
1,2354,98,2024-07-15,3,378,7,24.020408163265305,12,3.857142857142857
2,579,65,2024-04-19,7,546,2,8.907692307692308,99,8.4
3,7632,60,2024-02-29,8,753,4,127.2,149,12.55
4,427,64,2024-03-24,2,984,5,6.671875,125,15.375
5,6011,42,2023-12-07,4,640,8,143.11904761904762,233,15.238095238095237
6,5120,25,2024-03-26,5,182,1,204.8,123,7.28
7,9190,86,2023-08-04,9,444,9,106.86046511627907,358,5.162790697674419
8,6776,74,2023-12-11,7,943,3,91.56756756756756,229,12.743243243243244
9,1261,1,2024-01-09,3,615,4,1261.0,200,615.0
10,7311,10,2023-09-21,8,895,2,731.1,310,89.5
11,7782,93,2024-06-13,7,816,7,83.6774193548387,44,8.774193548387096
12,7529,52,2023-03-07,2,47,7,144.78846153846155,508,0.9038461538461539
13,9649,44,2024-05-23,8,621,5,219.29545454545453,65,14.113636363636363
14,2585,90,2024-04-22,2,55,4,28.72222222222222,96,0.6111111111111112
15,676,75,2023-12-19,5,373,8,9.013333333333334,221,4.973333333333334
16,8907,51,2023-06-23,8,449,7,174.64705882352942,400,8.803921568627452
17,7530,66,2023-10-28,1,727,4,114.0909090909091,273,11.015151515151516
18,5799,62,2023-04-10,5,84,9,93.53225806451613,474,1.3548387096774193
19,6071,33,2023-03-31,6,354,2,183.96969696969697,484,10.727272727272727
20,1617,16,2023-07-08,5,739,4,101.0625,385,46.1875
21,1906,74,2023-02-12,5,881,5,25.756756756756758,531,11.905405405405405
22,3787,58,2023-04-30,8,365,7,65.29310344827586,454,6.293103448275862
23,1238,87,2024-05-25,9,106,5,14.229885057471265,63,1.2183908045977012
24,4287,10,2024-03-14,4,196,1,428.7,135,19.6
25,8367,98,2024-01-26,6,513,9,85.37755102040816,183,5.23469387755102
26,8284,11,2024-07-15,6,107,1,753.0909090909091,12,9.727272727272727
27,1618,32,2024-07-14,8,117,8,50.5625,13,3.65625
28,2321,30,2024-07-16,1,96,9,77.36666666666666,11,3.2
29,6907,87,2023-09-21,8,530,7,79.39080459770115,310,6.091954022988506
30,5018,22,2024-05-18,2,752,5,228.0909090909091,70,34.18181818181818
31,2361,37,2023-02-13,8,293,6,63.810810810810814,530,7.918918918918919
32,9918,1,2023-01-18,7,251,0,9918.0,556,251.0
33,3536,16,2024-06-12,5,458,3,221.0,45,28.625
34,4087,46,2023-11-11,2,946,8,88.84782608695652,259,20.565217391304348
35,206,55,2023-11-03,9,625,2,3.7454545454545456,267,11.363636363636363
36,4289,22,2024-01-12,9,719,1,194.95454545454547,197,32.68181818181818
37,6850,33,2023-06-12,7,852,5,207.57575757575756,411,25.818181818181817
38,7918,37,2024-07-22,4,939,4,214.0,5,25.37837837837838
39,8023,2,2023-06-11,5,284,6,4011.5,412,142.0
40,9927,95,2023-09-13,6,725,5,104.49473684210527,318,7.631578947368421
41,7680,76,2023-07-17,3,211,5,101.05263157894737,376,2.776315789473684
42,1936,38,2024-04-02,3,289,5,50.94736842105263,116,7.605263157894737
43,7682,73,2023-06-07,3,81,9,105.23287671232876,416,1.1095890410958904
44,8143,67,2023-08-08,4,342,8,121.53731343283582,354,5.104477611940299
45,1670,46,2024-05-20,5,993,6,36.30434782608695,68,21.58695652173913
46,941,47,2024-01-21,4,148,6,20.02127659574468,188,3.148936170212766
47,7075,83,2023-02-18,4,132,9,85.24096385542168,525,1.5903614457831325
48,9381,73,2023-10-12,5,591,2,128.5068493150685,289,8.095890410958905
49,5288,83,2023-08-29,3,316,7,63.71084337349398,333,3.8072289156626504
50,7005,76,2024-02-27,3,715,6,92.17105263157895,151,9.407894736842104
51,6117,94,2023-10-09,1,322,0,65.07446808510639,292,3.425531914893617
52,509,80,2023-09-13,7,374,8,6.3625,318,4.675
53,6472,1,2024-06-19,8,394,7,6472.0,38,394.0
54,9809,17,2023-06-26,4,516,1,577.0,397,30.352941176470587
55,3875,33,2023-07-02,3,836,5,117.42424242424242,391,25.333333333333332
56,3597,3,2023-08-12,7,521,1,1199.0,350,173.66666666666666
57,2448,13,2023-04-23,7,731,1,188.30769230769232,461,56.23076923076923
58,9412,32,2023-12-20,5,758,0,294.125,220,23.6875
59,9992,36,2024-04-16,6,443,5,277.55555555555554,102,12.305555555555555
60,6663,84,2024-04-14,8,497,8,79.32142857142857,104,5.916666666666667
61,2580,69,2023-03-10,5,579,7,37.391304347826086,505,8.391304347826088
62,3888,14,2023-06-28,6,621,9,277.7142857142857,395,44.357142857142854
63,5556,25,2023-03-07,4,132,1,222.24,508,5.28
64,7913,32,2024-02-17,7,78,5,247.28125,161,2.4375
65,628,38,2024-07-13,2,558,8,16.526315789473685,14,14.68421052631579
66,7304,61,2023-06-05,9,197,0,119.73770491803279,418,3.2295081967213113
67,1055,49,2024-05-08,1,677,5,21.53061224489796,80,13.816326530612244
68,5366,47,2024-06-10,3,484,3,114.17021276595744,47,10.297872340425531
69,6316,59,2023-03-11,4,276,8,107.05084745762711,504,4.677966101694915
70,8804,70,2023-10-19,4,290,3,125.77142857142857,282,4.142857142857143
71,5715,70,2024-03-07,5,547,5,81.64285714285714,142,7.814285714285714
72,1495,78,2024-05-05,6,575,0,19.166666666666668,83,7.371794871794871
73,1998,75,2024-06-24,5,475,6,26.64,33,6.333333333333333
74,4093,77,2023-04-17,2,304,2,53.15584415584416,467,3.948051948051948
75,2740,86,2024-06-11,6,997,5,31.86046511627907,46,11.593023255813954
76,5336,40,2023-06-22,1,37,1,133.4,401,0.925
77,4511,98,2024-02-17,1,723,4,46.03061224489796,161,7.377551020408164
78,7483,83,2024-07-04,9,845,4,90.1566265060241,23,10.180722891566266
79,5796,22,2023-02-13,2,732,0,263.45454545454544,530,33.27272727272727
80,518,78,2023-03-08,9,987,8,6.641025641025641,507,12.653846153846153
81,2223,80,2023-10-16,1,80,7,27.7875,285,1.0
82,8268,87,2023-09-12,6,201,1,95.03448275862068,319,2.310344827586207
83,3085,14,2023-04-23,8,258,4,220.35714285714286,461,18.428571428571427
84,5108,21,2023-08-30,9,116,8,243.23809523809524,332,5.523809523809524
85,5924,1,2023-11-25,9,35,9,5924.0,245,35.0
86,4113,23,2023-01-29,4,123,2,178.82608695652175,545,5.3478260869565215
87,2847,94,2024-06-11,8,790,5,30.28723404255319,46,8.404255319148936
88,9165,53,2024-07-11,2,313,9,172.9245283018868,16,5.90566037735849
89,545,65,2023-09-15,8,436,1,8.384615384615385,316,6.707692307692308
90,6290,92,2023-11-28,3,644,7,68.3695652173913,242,7.0
91,4221,98,2023-04-12,2,916,2,43.07142857142857,472,9.346938775510203
92,5432,51,2024-07-27,3,402,6,106.50980392156863,0,7.882352941176471
93,3497,87,2023-12-09,2,169,7,40.195402298850574,231,1.9425287356321839
94,6499,9,2023-06-15,3,233,9,722.1111111111111,408,25.88888888888889
95,970,83,2023-04-13,9,735,8,11.686746987951807,471,8.855421686746988
96,8424,4,2023-12-19,9,533,0,2106.0,221,133.25
97,815,99,2024-01-24,2,886,4,8.232323232323232,185,8.94949494949495
98,2986,8,2024-03-22,3,399,6,373.25,127,49.875
99,3502,60,2024-03-18,3,126,9,58.36666666666667,131,2.1
100,3789,99,2024-03-29,9,799,8,38.27272727272727,120,8.070707070707071
101,9027,71,2024-07-15,7,385,7,127.14084507042253,12,5.422535211267606
102,5203,4,2023-03-31,5,552,3,1300.75,484,138.0
103,8520,90,2024-02-15,1,787,7,94.66666666666667,163,8.744444444444444
104,2556,15,2023-10-07,5,312,2,170.4,294,20.8
105,3252,82,2023-09-14,8,883,2,39.65853658536585,317,10.768292682926829
106,8528,25,2023-12-22,5,465,0,341.12,218,18.6
107,1095,46,2023-01-25,5,527,1,23.804347826086957,549,11.456521739130435
108,6219,5,2024-07-27,9,216,7,1243.8,0,43.2
109,4095,97,2024-05-21,5,970,0,42.21649484536083,67,10.0
110,9141,8,2023-08-24,7,759,1,1142.625,338,94.875
111,4308,1,2023-10-23,1,481,1,4308.0,278,481.0
112,8313,33,2023-01-18,6,156,5,251.9090909090909,556,4.7272727272727275
113,4376,11,2024-01-16,1,463,0,397.8181818181818,193,42.09090909090909
114,1442,30,2024-05-26,1,351,6,48.06666666666667,62,11.7
115,2964,12,2023-07-09,1,59,0,247.0,384,4.916666666666667
116,6241,68,2024-06-30,5,970,8,91.77941176470588,27,14.264705882352942
117,5417,51,2024-01-30,3,898,7,106.2156862745098,179,17.607843137254903
118,5526,68,2023-12-26,1,930,2,81.26470588235294,214,13.676470588235293
119,6490,10,2023-10-24,5,630,7,649.0,277,63.0
120,4738,10,2023-09-04,7,861,0,473.8,327,86.1
121,6515,98,2023-08-22,9,242,0,66.4795918367347,340,2.4693877551020407
122,2280,30,2024-03-16,8,541,1,76.0,133,18.033333333333335
123,5166,3,2023-07-07,5,8,9,1722.0,386,2.6666666666666665
124,923,93,2023-11-17,2,464,0,9.924731182795698,253,4.989247311827957
125,764,86,2023-03-10,5,827,8,8.883720930232558,505,9.616279069767442
126,8622,44,2023-05-20,4,946,9,195.95454545454547,434,21.5
127,7163,30,2023-12-14,6,803,3,238.76666666666668,226,26.766666666666666
128,9798,82,2023-02-27,3,291,8,119.48780487804878,516,3.548780487804878
129,5104,61,2023-08-01,3,753,5,83.67213114754098,361,12.344262295081966
130,5325,31,2024-05-10,8,790,4,171.7741935483871,78,25.483870967741936
131,5424,77,2023-01-20,4,307,0,70.44155844155844,554,3.987012987012987
132,1785,24,2024-07-24,3,196,6,74.375,3,8.166666666666666
133,6096,42,2023-01-11,9,329,6,145.14285714285714,563,7.833333333333333
134,764,75,2024-06-05,5,36,0,10.186666666666667,52,0.48
135,6253,33,2023-12-22,2,107,4,189.4848484848485,218,3.242424242424242
136,4930,1,2024-07-17,7,120,9,4930.0,10,120.0
137,2243,14,2023-08-27,7,506,4,160.21428571428572,335,36.142857142857146
138,9038,26,2024-06-01,7,744,3,347.61538461538464,56,28.615384615384617
139,4534,10,2023-04-30,5,587,1,453.4,454,58.7
140,1887,43,2024-07-17,4,971,0,43.883720930232556,10,22.58139534883721
141,2804,15,2023-05-05,4,583,5,186.93333333333334,449,38.86666666666667
142,789,31,2023-04-17,1,955,4,25.451612903225808,467,30.806451612903224
143,3988,99,2023-05-23,8,455,6,40.282828282828284,431,4.595959595959596
144,3565,45,2024-02-21,9,928,4,79.22222222222223,157,20.622222222222224
145,5823,81,2024-05-23,8,349,9,71.88888888888889,65,4.308641975308642
146,9896,51,2023-08-21,7,782,1,194.0392156862745,341,15.333333333333334
147,6186,42,2023-03-17,9,469,9,147.28571428571428,498,11.166666666666666
148,2603,60,2023-09-06,1,635,9,43.38333333333333,325,10.583333333333334
149,2190,58,2023-09-09,2,87,6,37.758620689655174,322,1.5
150,6673,59,2023-07-13,9,344,4,113.10169491525424,380,5.830508474576271
151,754,93,2023-05-17,5,105,5,8.10752688172043,437,1.1290322580645162
152,1154,77,2023-04-08,2,427,9,14.987012987012987,476,5.545454545454546
153,5851,1,2023-05-02,6,675,3,5851.0,452,675.0
154,8508,70,2023-05-18,2,294,1,121.54285714285714,436,4.2
155,4308,48,2024-05-22,3,639,4,89.75,66,13.3125
156,7556,72,2024-02-17,9,22,0,104.94444444444444,161,0.3055555555555556
157,1422,19,2023-01-10,3,946,1,74.84210526315789,564,49.78947368421053
158,8175,58,2023-11-06,9,210,3,140.94827586206895,264,3.6206896551724137
159,8401,93,2023-02-08,8,130,0,90.33333333333333,535,1.3978494623655915
160,7134,62,2023-11-19,1,227,0,115.06451612903226,251,3.661290322580645
161,1864,37,2023-10-17,8,176,4,50.37837837837838,284,4.756756756756757
162,4626,82,2024-02-02,9,484,9,56.41463414634146,176,5.902439024390244
163,3499,16,2023-08-21,5,864,4,218.6875,341,54.0
164,5571,72,2023-07-19,3,33,5,77.375,374,0.4583333333333333
165,3168,9,2023-03-30,1,507,2,352.0,485,56.333333333333336
166,7709,31,2023-10-29,3,133,5,248.67741935483872,272,4.290322580645161
167,1844,31,2023-12-23,8,141,2,59.483870967741936,217,4.548387096774194
168,7611,13,2023-05-08,4,52,4,585.4615384615385,446,4.0
169,5176,51,2024-01-05,7,910,9,101.49019607843137,204,17.84313725490196
170,2608,24,2023-01-22,2,315,1,108.66666666666667,552,13.125
171,738,70,2023-03-29,6,201,4,10.542857142857143,486,2.8714285714285714
172,5551,63,2023-11-16,5,426,0,88.11111111111111,254,6.761904761904762
173,6338,2,2023-06-06,1,735,7,3169.0,417,367.5
174,3628,9,2024-03-26,6,409,8,403.1111111111111,123,45.44444444444444
175,9913,48,2024-06-21,2,49,8,206.52083333333334,36,1.0208333333333333
176,2143,25,2024-04-26,6,936,8,85.72,92,37.44
177,8933,93,2023-10-26,8,659,2,96.05376344086021,275,7.086021505376344
178,1946,58,2023-03-24,7,499,6,33.55172413793103,491,8.60344827586207
179,3731,48,2023-06-14,1,385,8,77.72916666666667,409,8.020833333333334
180,8799,67,2024-06-27,5,632,0,131.32835820895522,30,9.432835820895523
181,5614,16,2023-11-06,4,25,5,350.875,264,1.5625
182,9708,6,2023-03-02,6,976,4,1618.0,513,162.66666666666666
183,9159,32,2023-05-25,4,195,4,286.21875,429,6.09375
184,4186,47,2024-05-30,9,697,1,89.06382978723404,58,14.829787234042554
185,4873,8,2024-04-15,5,255,9,609.125,103,31.875
186,6624,37,2023-06-30,3,927,7,179.02702702702703,393,25.054054054054053
187,3656,19,2024-01-09,2,190,6,192.42105263157896,200,10.0
188,660,35,2023-02-01,3,972,8,18.857142857142858,542,27.771428571428572
189,8495,41,2023-09-15,4,810,4,207.1951219512195,316,19.75609756097561
190,3848,36,2023-12-21,8,416,2,106.88888888888889,219,11.555555555555555
191,462,70,2024-07-19,6,509,1,6.6,8,7.271428571428571
192,9305,61,2024-02-05,6,612,6,152.54098360655738,173,10.032786885245901
193,5242,93,2023-01-29,9,792,7,56.365591397849464,545,8.516129032258064
194,3118,61,2023-05-21,8,878,6,51.114754098360656,433,14.39344262295082
195,901,76,2024-07-21,7,472,9,11.855263157894736,6,6.2105263157894735
196,823,48,2023-12-22,7,787,3,17.145833333333332,218,16.395833333333332
197,3054,7,2023-01-12,3,765,1,436.2857142857143,562,109.28571428571429
198,5271,72,2024-01-09,9,161,0,73.20833333333333,200,2.236111111111111
199,9927,30,2023-09-19,3,153,9,330.9,312,5.1
200,9164,87,2023-02-22,7,311,9,105.33333333333333,521,3.574712643678161
201,3953,72,2024-06-30,2,901,5,54.90277777777778,27,12.51388888888889
202,9120,5,2024-05-18,6,890,4,1824.0,70,178.0
203,8952,42,2023-04-29,7,506,5,213.14285714285714,455,12.047619047619047
204,4602,7,2023-05-02,3,62,5,657.4285714285714,452,8.857142857142858
205,4569,47,2023-08-31,8,303,7,97.2127659574468,331,6.446808510638298
206,1882,14,2023-12-23,8,966,3,134.42857142857142,217,69.0
207,4818,86,2024-01-04,5,235,9,56.02325581395349,205,2.7325581395348837
208,3372,17,2023-04-08,8,315,6,198.35294117647058,476,18.529411764705884
209,6969,39,2023-03-21,8,879,2,178.69230769230768,494,22.53846153846154
210,6312,13,2023-12-11,5,656,0,485.53846153846155,229,50.46153846153846
211,8978,32,2023-06-24,1,668,3,280.5625,399,20.875
212,1142,47,2023-08-14,9,992,7,24.29787234042553,348,21.106382978723403
213,3837,15,2024-06-14,6,46,7,255.8,43,3.066666666666667
214,4067,70,2023-03-08,6,153,8,58.1,507,2.1857142857142855
215,7566,23,2023-03-02,1,497,2,328.95652173913044,513,21.608695652173914
216,3421,94,2023-04-14,2,125,7,36.3936170212766,470,1.3297872340425532
217,224,69,2023-01-29,8,846,9,3.246376811594203,545,12.26086956521739
218,2573,56,2024-04-13,7,70,1,45.94642857142857,105,1.25
219,9103,2,2023-08-12,4,688,3,4551.5,350,344.0
220,6203,48,2023-09-13,5,804,0,129.22916666666666,318,16.75
221,7976,5,2024-05-30,1,917,0,1595.2,58,183.4
222,7183,37,2023-10-19,6,199,2,194.13513513513513,282,5.378378378378378
223,7148,22,2024-07-08,3,987,7,324.90909090909093,19,44.86363636363637
224,1508,87,2024-03-03,8,589,1,17.333333333333332,146,6.7701149425287355
225,5098,88,2023-02-22,3,775,6,57.93181818181818,521,8.806818181818182
226,9314,83,2024-01-26,2,636,8,112.21686746987952,183,7.662650602409639
227,1307,13,2023-02-19,9,767,3,100.53846153846153,524,59.0
228,5926,44,2024-06-11,9,80,8,134.6818181818182,46,1.8181818181818181
229,8393,76,2023-09-21,5,540,1,110.4342105263158,310,7.105263157894737
230,3587,10,2024-03-18,5,590,5,358.7,131,59.0
231,1586,5,2023-11-28,6,928,1,317.2,242,185.6
232,1648,51,2023-05-11,8,203,7,32.31372549019608,443,3.980392156862745
233,767,75,2023-05-27,3,21,6,10.226666666666667,427,0.28
234,2843,29,2024-04-10,3,727,3,98.03448275862068,108,25.06896551724138
235,8957,2,2023-09-17,5,847,7,4478.5,314,423.5
236,5499,80,2023-07-17,1,984,0,68.7375,376,12.3
237,951,8,2023-03-29,4,466,0,118.875,486,58.25
238,3217,18,2023-07-31,2,409,6,178.72222222222223,362,22.72222222222222
239,3575,70,2024-06-27,3,345,4,51.07142857142857,30,4.928571428571429
240,7050,41,2023-08-24,8,561,6,171.9512195121951,338,13.682926829268293
241,6766,98,2024-03-20,7,620,8,69.04081632653062,129,6.326530612244898
242,5959,2,2023-11-04,9,688,7,2979.5,266,344.0
243,4430,18,2023-02-24,2,207,3,246.11111111111111,519,11.5
244,9059,60,2024-06-04,9,156,1,150.98333333333332,53,2.6
245,5921,31,2024-04-17,2,184,4,191.0,101,5.935483870967742
246,3498,15,2023-07-23,7,256,3,233.2,370,17.066666666666666
247,4154,4,2024-04-21,7,427,2,1038.5,97,106.75
248,3232,37,2024-04-24,5,630,1,87.35135135135135,94,17.027027027027028
249,9511,53,2023-06-25,7,841,5,179.45283018867926,398,15.867924528301886
250,8383,50,2024-04-30,6,931,2,167.66,88,18.62
251,9223,95,2023-02-21,9,402,8,97.08421052631579,522,4.231578947368421
252,3023,87,2023-03-10,9,940,2,34.747126436781606,505,10.804597701149426
253,6879,9,2023-10-12,1,51,6,764.3333333333334,289,5.666666666666667
254,9851,25,2024-05-23,8,174,0,394.04,65,6.96
255,4864,89,2023-02-23,2,722,4,54.651685393258425,520,8.112359550561798
256,4672,10,2023-08-31,7,438,4,467.2,331,43.8
257,9816,28,2023-08-25,1,163,9,350.57142857142856,337,5.821428571428571
258,974,98,2023-02-19,2,337,4,9.938775510204081,524,3.438775510204082
259,7384,5,2024-07-20,6,595,8,1476.8,7,119.0
260,4355,35,2024-06-19,7,138,9,124.42857142857143,38,3.942857142857143
261,4226,41,2023-07-22,7,609,3,103.07317073170732,371,14.853658536585366
262,188,39,2023-01-04,4,242,9,4.82051282051282,570,6.205128205128205
263,8188,95,2023-09-15,3,57,6,86.18947368421053,316,0.6
264,7871,33,2024-01-12,9,862,3,238.5151515151515,197,26.12121212121212
265,8916,42,2024-02-07,4,397,2,212.28571428571428,171,9.452380952380953
266,713,84,2023-12-07,2,131,6,8.488095238095237,233,1.5595238095238095
267,7113,68,2023-12-17,8,962,7,104.6029411764706,223,14.147058823529411
268,6926,48,2023-04-12,4,110,0,144.29166666666666,472,2.2916666666666665
269,5842,34,2023-09-24,2,744,4,171.8235294117647,307,21.88235294117647
270,4559,22,2024-01-07,6,489,6,207.22727272727272,202,22.227272727272727
271,3610,96,2024-06-06,4,915,1,37.604166666666664,51,9.53125
272,6368,2,2024-07-18,2,69,2,3184.0,9,34.5
273,1408,33,2024-02-13,2,932,6,42.666666666666664,165,28.242424242424242
274,4285,59,2024-05-17,5,587,6,72.62711864406779,71,9.94915254237288
275,2519,24,2023-03-23,8,603,0,104.95833333333333,492,25.125
276,409,36,2023-11-11,9,370,0,11.36111111111111,259,10.277777777777779
277,650,38,2023-06-25,5,947,4,17.105263157894736,398,24.92105263157895
278,2950,17,2023-05-06,1,674,8,173.52941176470588,448,39.64705882352941
279,3502,86,2024-03-02,7,582,4,40.72093023255814,147,6.767441860465116
280,7653,58,2023-09-17,2,542,2,131.94827586206895,314,9.344827586206897
281,5017,17,2023-12-29,9,665,1,295.11764705882354,211,39.11764705882353
282,4678,15,2024-05-22,2,806,4,311.8666666666667,66,53.733333333333334
283,9179,32,2023-10-11,3,480,1,286.84375,290,15.0
284,465,92,2023-09-27,9,338,7,5.054347826086956,304,3.6739130434782608
285,1874,96,2023-02-17,9,135,8,19.520833333333332,526,1.40625
286,4947,13,2023-06-04,3,736,3,380.53846153846155,419,56.61538461538461
287,4820,90,2023-01-06,8,801,1,53.55555555555556,568,8.9
288,4841,46,2023-11-09,7,559,0,105.23913043478261,261,12.152173913043478
289,8942,6,2023-02-10,8,897,3,1490.3333333333333,533,149.5
290,8118,19,2023-01-28,1,786,9,427.2631578947368,546,41.36842105263158
291,492,61,2023-04-21,2,306,3,8.065573770491802,463,5.016393442622951
292,2955,26,2024-02-16,3,708,5,113.65384615384616,162,27.23076923076923
293,3588,19,2024-06-30,9,818,3,188.8421052631579,27,43.05263157894737
294,4830,46,2024-07-04,7,651,0,105.0,23,14.152173913043478
295,7919,14,2023-04-06,9,435,3,565.6428571428571,478,31.071428571428573
296,5526,52,2024-07-03,5,922,6,106.26923076923077,24,17.73076923076923
297,7031,95,2023-07-09,9,75,4,74.01052631578948,384,0.7894736842105263
298,8261,56,2024-01-23,2,975,3,147.51785714285714,186,17.410714285714285
299,8106,43,2024-04-26,3,300,2,188.51162790697674,92,6.976744186046512
300,4653,68,2023-09-04,4,545,9,68.42647058823529,327,8.014705882352942
301,8636,7,2023-12-08,3,547,2,1233.7142857142858,232,78.14285714285714
302,6151,64,2024-06-26,3,359,6,96.109375,31,5.609375
303,4696,64,2024-04-09,5,166,7,73.375,109,2.59375
304,8961,64,2024-04-24,9,450,4,140.015625,94,7.03125
305,9829,83,2023-11-23,2,374,2,118.42168674698796,247,4.506024096385542
306,3843,7,2023-11-29,6,814,3,549.0,241,116.28571428571429
307,747,87,2024-03-28,3,611,6,8.586206896551724,121,7.022988505747127
308,5033,58,2024-06-25,1,674,5,86.77586206896552,32,11.620689655172415
309,5646,99,2024-03-03,7,472,5,57.03030303030303,146,4.767676767676767
310,7566,54,2024-04-26,8,322,5,140.11111111111111,92,5.962962962962963
311,6601,53,2024-06-24,2,720,7,124.54716981132076,33,13.584905660377359
312,7091,48,2023-03-19,6,469,0,147.72916666666666,496,9.770833333333334
313,9965,3,2023-10-11,8,464,6,3321.6666666666665,290,154.66666666666666
314,2766,61,2023-01-30,5,901,4,45.34426229508197,544,14.770491803278688
315,8905,59,2024-06-12,2,459,8,150.9322033898305,45,7.779661016949152
316,6101,20,2023-01-26,6,461,7,305.05,548,23.05
317,979,75,2024-03-24,6,337,3,13.053333333333333,125,4.493333333333333
318,6019,28,2023-12-16,5,40,3,214.96428571428572,224,1.4285714285714286
319,2049,66,2023-08-25,8,758,4,31.045454545454547,337,11.484848484848484
320,7189,81,2024-04-14,5,54,2,88.75308641975309,104,0.6666666666666666
321,3607,16,2024-04-25,7,500,8,225.4375,93,31.25
322,652,68,2024-05-08,4,615,6,9.588235294117647,80,9.044117647058824
323,6326,52,2023-12-13,8,53,5,121.65384615384616,227,1.0192307692307692
324,1634,32,2024-06-15,1,446,7,51.0625,42,13.9375
325,4194,86,2024-03-03,2,816,8,48.76744186046512,146,9.488372093023257
326,3516,11,2023-12-24,2,170,9,319.6363636363636,216,15.454545454545455
327,4918,29,2024-02-20,5,525,4,169.58620689655172,158,18.103448275862068
328,4786,8,2023-08-10,2,453,8,598.25,352,56.625
329,6578,24,2024-06-04,7,362,8,274.0833333333333,53,15.083333333333334
330,3907,96,2023-08-08,9,509,5,40.697916666666664,354,5.302083333333333
331,3494,9,2023-11-30,5,10,3,388.22222222222223,240,1.1111111111111112
332,3985,24,2023-05-11,2,621,3,166.04166666666666,443,25.875
333,3759,53,2023-06-30,7,731,2,70.9245283018868,393,13.79245283018868
334,6413,12,2023-06-07,6,743,7,534.4166666666666,416,61.916666666666664
335,7978,30,2024-04-23,8,48,9,265.93333333333334,95,1.6
336,3030,16,2023-08-13,9,256,0,189.375,349,16.0
337,4672,6,2023-10-11,1,699,8,778.6666666666666,290,116.5
338,7326,55,2023-08-29,2,788,7,133.2,333,14.327272727272728
339,1117,80,2024-05-27,7,92,7,13.9625,61,1.15
340,9451,96,2023-09-10,9,896,8,98.44791666666667,321,9.333333333333334
341,5665,57,2024-01-06,8,979,2,99.3859649122807,203,17.17543859649123
342,8970,9,2023-05-02,5,331,1,996.6666666666666,452,36.77777777777778
343,594,43,2023-01-03,3,413,3,13.813953488372093,571,9.604651162790697
344,3590,37,2024-03-23,4,965,3,97.02702702702703,126,26.08108108108108
345,7379,79,2023-10-25,2,734,8,93.40506329113924,276,9.291139240506329
346,6281,79,2023-02-20,1,783,6,79.50632911392405,523,9.91139240506329
347,8683,22,2023-10-22,2,703,5,394.6818181818182,279,31.954545454545453
348,5072,88,2024-03-20,7,450,4,57.63636363636363,129,5.113636363636363
349,4631,43,2024-03-24,6,92,9,107.69767441860465,125,2.13953488372093
350,6587,19,2023-08-17,7,474,7,346.6842105263158,345,24.94736842105263
351,3329,42,2023-03-06,9,882,3,79.26190476190476,509,21.0
352,4950,54,2023-09-20,4,742,8,91.66666666666667,311,13.74074074074074
353,2058,83,2023-05-15,1,794,6,24.795180722891565,439,9.566265060240964
354,1556,2,2023-09-25,7,461,7,778.0,306,230.5
355,8812,68,2023-08-14,3,908,5,129.58823529411765,348,13.352941176470589
356,323,27,2024-06-07,4,347,6,11.962962962962964,50,12.851851851851851
357,369,17,2024-01-10,5,278,6,21.705882352941178,199,16.352941176470587
358,5638,84,2023-02-23,2,533,3,67.11904761904762,520,6.345238095238095
359,8675,10,2023-05-28,6,142,7,867.5,426,14.2
360,4555,55,2023-12-26,8,384,0,82.81818181818181,214,6.9818181818181815
361,3009,21,2024-07-06,7,611,5,143.28571428571428,21,29.095238095238095
362,5752,47,2023-07-14,3,1,8,122.38297872340425,379,0.02127659574468085
363,2552,68,2023-07-30,4,41,8,37.529411764705884,363,0.6029411764705882
364,8925,80,2023-07-21,5,119,9,111.5625,372,1.4875
365,1445,46,2024-07-04,1,828,2,31.41304347826087,23,18.0
366,6935,4,2023-07-01,3,807,0,1733.75,392,201.75
367,3899,99,2024-07-14,6,930,4,39.38383838383838,13,9.393939393939394
368,210,73,2023-02-25,8,558,5,2.8767123287671232,518,7.6438356164383565
369,7252,85,2024-06-30,8,305,0,85.31764705882352,27,3.588235294117647
370,183,25,2023-07-07,6,993,9,7.32,386,39.72
371,8781,79,2023-06-15,3,20,7,111.15189873417721,408,0.25316455696202533
372,6535,98,2023-08-03,2,401,5,66.68367346938776,359,4.091836734693878
373,4734,78,2023-02-15,5,292,1,60.69230769230769,528,3.7435897435897436
374,1274,27,2024-05-10,3,283,5,47.18518518518518,78,10.481481481481481
375,3565,37,2024-04-18,1,696,5,96.35135135135135,100,18.81081081081081
376,4132,46,2023-11-29,1,813,8,89.82608695652173,241,17.67391304347826
377,9898,69,2023-05-06,3,234,6,143.44927536231884,448,3.391304347826087
378,7095,38,2023-02-04,5,719,4,186.71052631578948,539,18.92105263157895
379,2680,10,2024-07-05,4,268,2,268.0,22,26.8
380,1156,67,2023-07-20,5,917,6,17.253731343283583,373,13.686567164179104
381,5997,14,2024-04-05,1,891,4,428.35714285714283,113,63.642857142857146
382,2179,72,2023-09-03,5,409,8,30.26388888888889,328,5.680555555555555
383,8116,52,2024-03-20,5,627,8,156.07692307692307,129,12.057692307692308
384,5516,2,2023-12-08,7,989,0,2758.0,232,494.5
385,5225,55,2024-04-05,5,54,5,95.0,113,0.9818181818181818
386,134,85,2024-07-21,9,595,0,1.576470588235294,6,7.0
387,6539,24,2023-10-16,4,531,3,272.4583333333333,285,22.125
388,1573,57,2023-07-03,5,117,2,27.596491228070175,390,2.0526315789473686
389,8313,38,2023-09-21,2,358,2,218.76315789473685,310,9.421052631578947
390,7796,14,2024-03-20,2,851,4,556.8571428571429,129,60.785714285714285
391,751,5,2023-09-09,5,784,5,150.2,322,156.8
392,4298,88,2024-02-23,8,12,1,48.84090909090909,155,0.13636363636363635
393,8177,29,2023-10-15,4,298,3,281.9655172413793,286,10.275862068965518
394,3938,58,2024-01-10,8,22,7,67.89655172413794,199,0.3793103448275862
395,7092,83,2023-05-27,5,139,6,85.44578313253012,427,1.6746987951807228
396,5955,9,2023-12-10,7,109,8,661.6666666666666,230,12.11111111111111
397,4763,95,2023-05-24,5,394,3,50.136842105263156,430,4.147368421052631
398,1853,45,2023-11-11,4,903,1,41.17777777777778,259,20.066666666666666
399,1992,92,2024-05-27,3,156,8,21.652173913043477,61,1.6956521739130435
400,1477,72,2024-06-10,9,792,0,20.51388888888889,47,11.0
401,9139,88,2023-09-01,4,505,7,103.85227272727273,330,5.738636363636363
402,5987,24,2023-06-05,3,798,0,249.45833333333334,418,33.25
403,2795,85,2023-04-28,3,775,1,32.88235294117647,456,9.117647058823529
404,1501,44,2024-02-22,6,471,6,34.11363636363637,156,10.704545454545455
405,3115,73,2023-03-21,9,953,1,42.67123287671233,494,13.054794520547945
406,1701,11,2024-07-08,6,488,0,154.63636363636363,19,44.36363636363637
407,6028,22,2023-06-17,3,679,6,274.0,406,30.863636363636363
408,6138,47,2023-02-21,2,820,8,130.59574468085106,522,17.4468085106383
409,7584,60,2024-04-11,5,119,4,126.4,107,1.9833333333333334
410,7032,13,2023-06-19,8,982,4,540.9230769230769,404,75.53846153846153
411,7607,77,2023-12-20,3,576,7,98.79220779220779,220,7.48051948051948
412,400,73,2024-07-24,9,535,2,5.47945205479452,3,7.328767123287672
413,9976,63,2024-05-24,9,860,4,158.34920634920636,64,13.65079365079365
414,9995,1,2024-01-10,4,179,7,9995.0,199,179.0
415,3915,17,2023-04-27,9,774,0,230.2941176470588,457,45.529411764705884
416,6722,22,2023-05-06,2,189,3,305.54545454545456,448,8.590909090909092
417,7874,34,2024-03-26,9,281,8,231.58823529411765,123,8.264705882352942
418,269,24,2023-07-08,7,411,9,11.208333333333334,385,17.125
419,9085,57,2023-05-04,1,131,1,159.3859649122807,450,2.2982456140350878
420,2260,24,2024-06-02,6,490,3,94.16666666666667,55,20.416666666666668
421,6596,11,2024-02-17,2,320,0,599.6363636363636,161,29.09090909090909
422,7205,11,2024-05-14,1,713,2,655.0,74,64.81818181818181
423,841,17,2023-12-14,7,470,0,49.470588235294116,226,27.647058823529413
424,5950,25,2024-06-24,4,858,8,238.0,33,34.32
425,2500,89,2023-04-19,6,115,5,28.089887640449437,465,1.2921348314606742
426,9975,95,2023-10-08,3,56,8,105.0,293,0.5894736842105263
427,1636,90,2023-03-31,2,379,3,18.177777777777777,484,4.211111111111111
428,8698,69,2023-07-02,6,874,0,126.05797101449275,391,12.666666666666666
429,858,40,2023-01-02,4,289,4,21.45,572,7.225
430,6694,68,2023-02-18,3,540,6,98.44117647058823,525,7.9411764705882355
431,5275,74,2023-04-17,7,609,1,71.28378378378379,467,8.22972972972973
432,3163,36,2023-03-02,9,405,5,87.86111111111111,513,11.25
433,8760,46,2023-12-11,2,640,8,190.43478260869566,229,13.91304347826087
434,215,99,2023-03-17,5,642,2,2.1717171717171717,498,6.484848484848484
435,931,50,2023-09-13,6,445,5,18.62,318,8.9
436,3951,76,2024-04-27,5,792,7,51.98684210526316,91,10.421052631578947
437,6765,31,2023-04-26,2,245,0,218.2258064516129,458,7.903225806451613
438,6225,4,2023-08-27,5,695,8,1556.25,335,173.75
439,3844,93,2023-08-31,7,520,9,41.333333333333336,331,5.591397849462366
440,6149,29,2024-02-10,9,803,2,212.0344827586207,168,27.689655172413794
441,6291,18,2023-07-02,8,946,1,349.5,391,52.55555555555556
442,5689,89,2024-05-05,7,172,5,63.92134831460674,83,1.9325842696629214
443,8643,88,2024-02-15,8,37,1,98.2159090909091,163,0.42045454545454547
444,5080,4,2024-06-21,1,852,5,1270.0,36,213.0
445,7361,88,2024-07-01,3,374,0,83.64772727272727,26,4.25
446,9621,74,2024-05-02,9,955,5,130.01351351351352,86,12.905405405405405
447,5980,18,2023-04-01,1,674,0,332.22222222222223,483,37.44444444444444
448,5562,98,2024-06-08,4,595,1,56.755102040816325,49,6.071428571428571
449,5527,29,2023-08-12,2,975,2,190.58620689655172,350,33.62068965517241
450,9049,14,2024-07-17,5,277,1,646.3571428571429,10,19.785714285714285
451,2905,90,2023-12-31,1,192,2,32.27777777777778,209,2.1333333333333333
452,1578,5,2024-01-21,6,380,3,315.6,188,76.0
453,6467,48,2023-11-18,3,449,1,134.72916666666666,252,9.354166666666666
454,9283,6,2023-01-23,2,957,7,1547.1666666666667,551,159.5
455,9876,80,2023-04-16,5,630,5,123.45,468,7.875
456,1482,10,2023-03-02,2,397,6,148.2,513,39.7
457,1004,59,2023-07-18,4,466,5,17.016949152542374,375,7.898305084745763
458,9886,2,2023-07-26,4,834,7,4943.0,367,417.0
459,4951,82,2023-07-22,3,855,4,60.3780487804878,371,10.426829268292684
460,1639,41,2023-09-09,7,489,0,39.97560975609756,322,11.926829268292684
461,8649,96,2023-11-30,5,878,7,90.09375,240,9.145833333333334
462,7198,16,2023-07-25,1,225,5,449.875,368,14.0625
463,5892,87,2024-03-05,3,635,5,67.72413793103448,144,7.2988505747126435
464,8081,97,2024-03-10,7,816,8,83.30927835051547,139,8.412371134020619
465,1020,8,2024-03-31,5,996,7,127.5,118,124.5
466,628,78,2023-09-24,1,406,2,8.051282051282051,307,5.205128205128205
467,5001,68,2023-11-23,4,592,2,73.54411764705883,247,8.705882352941176
468,2997,9,2023-09-23,4,259,3,333.0,308,28.77777777777778
469,8991,66,2023-12-11,2,417,4,136.22727272727272,229,6.318181818181818
470,5092,52,2024-07-27,5,924,8,97.92307692307692,0,17.76923076923077
471,9111,40,2023-04-21,7,257,0,227.775,463,6.425
472,3603,94,2024-04-01,5,411,8,38.329787234042556,117,4.372340425531915
473,7595,42,2023-10-30,7,748,8,180.83333333333334,271,17.80952380952381
474,6951,18,2023-06-05,1,369,2,386.1666666666667,418,20.5
475,6136,8,2024-06-24,1,647,5,767.0,33,80.875
476,4584,40,2023-01-21,1,723,0,114.6,553,18.075
477,4183,1,2023-09-02,9,42,6,4183.0,329,42.0
478,1140,31,2023-02-07,2,150,2,36.774193548387096,536,4.838709677419355
479,4503,86,2023-09-14,7,895,3,52.36046511627907,317,10.406976744186046
480,5287,94,2023-06-02,6,478,3,56.244680851063826,421,5.085106382978723
481,6105,38,2023-06-03,5,824,9,160.6578947368421,420,21.68421052631579
482,2465,60,2024-02-06,4,657,4,41.083333333333336,172,10.95
483,4837,70,2023-07-17,6,919,6,69.1,376,13.128571428571428
484,3740,10,2024-03-07,4,987,6,374.0,142,98.7
485,1360,77,2024-01-18,9,402,1,17.662337662337663,191,5.220779220779221
486,836,7,2023-09-05,3,503,6,119.42857142857143,326,71.85714285714286
487,8767,67,2024-01-29,2,357,0,130.8507462686567,180,5.3283582089552235
488,7446,4,2023-09-25,5,573,4,1861.5,306,143.25
489,4493,37,2024-04-01,4,53,3,121.43243243243244,117,1.4324324324324325
490,3026,36,2023-07-26,5,139,3,84.05555555555556,367,3.861111111111111
491,4407,52,2024-07-14,7,918,6,84.75,13,17.653846153846153
492,2019,92,2023-02-02,1,661,9,21.945652173913043,541,7.184782608695652
493,3680,4,2023-02-23,8,257,7,920.0,520,64.25
494,7101,54,2024-06-23,6,318,2,131.5,34,5.888888888888889
495,5381,78,2024-06-30,9,153,3,68.98717948717949,27,1.9615384615384615
496,9134,4,2023-02-11,6,832,1,2283.5,532,208.0
497,5352,7,2024-03-15,5,776,6,764.5714285714286,134,110.85714285714286
498,6698,39,2024-06-25,7,227,3,171.74358974358975,32,5.82051282051282
499,2150,60,2023-11-17,2,11,6,35.833333333333336,253,0.18333333333333332
500,3970,1,2023-06-22,8,60,2,3970.0,401,60.0
501,8828,53,2023-12-27,3,19,9,166.56603773584905,213,0.3584905660377358
502,3775,71,2023-11-01,2,708,7,53.16901408450704,269,9.971830985915492
503,797,24,2023-11-28,8,197,0,33.208333333333336,242,8.208333333333334
504,4449,66,2023-07-29,2,586,0,67.4090909090909,364,8.878787878787879
505,4536,56,2024-01-05,4,118,9,81.0,204,2.107142857142857
506,8643,72,2023-09-07,2,904,4,120.04166666666667,324,12.555555555555555
507,5846,27,2023-06-15,5,424,9,216.5185185185185,408,15.703703703703704
508,3541,42,2024-06-14,2,652,6,84.30952380952381,43,15.523809523809524
509,6652,71,2024-06-24,3,504,8,93.69014084507042,33,7.098591549295775
510,952,64,2023-08-28,7,932,5,14.875,334,14.5625
511,7487,21,2024-04-13,5,648,2,356.5238095238095,105,30.857142857142858
512,2675,33,2024-07-16,3,855,5,81.06060606060606,11,25.90909090909091
513,5844,78,2023-12-22,7,204,7,74.92307692307692,218,2.6153846153846154
514,4692,65,2023-04-18,8,928,9,72.18461538461538,466,14.276923076923078
515,5565,37,2023-09-08,6,96,8,150.40540540540542,323,2.5945945945945947
516,9002,12,2023-03-08,8,917,7,750.1666666666666,507,76.41666666666667
517,5230,53,2024-04-07,1,463,2,98.67924528301887,111,8.735849056603774
518,728,61,2023-07-23,1,544,9,11.934426229508198,370,8.918032786885245
519,6479,14,2023-09-05,4,152,3,462.7857142857143,326,10.857142857142858
520,308,67,2024-01-19,7,523,8,4.597014925373134,190,7.8059701492537314
521,2848,27,2024-07-10,2,859,4,105.48148148148148,17,31.814814814814813
522,3469,69,2023-03-31,4,59,5,50.27536231884058,484,0.855072463768116
523,3109,15,2023-12-03,2,365,5,207.26666666666668,237,24.333333333333332
524,7386,56,2024-04-27,8,705,6,131.89285714285714,91,12.589285714285714
525,3211,80,2023-11-18,1,646,5,40.1375,252,8.075
526,4027,31,2023-11-20,6,382,3,129.90322580645162,250,12.32258064516129
527,3313,9,2024-07-14,1,322,7,368.1111111111111,13,35.77777777777778
528,5891,18,2023-08-04,2,502,1,327.27777777777777,358,27.88888888888889
529,7254,92,2024-06-10,6,268,7,78.84782608695652,47,2.9130434782608696
530,3048,4,2023-01-02,8,867,0,762.0,572,216.75
531,2677,32,2023-04-17,8,363,4,83.65625,467,11.34375
532,531,45,2023-01-10,1,537,6,11.8,564,11.933333333333334
533,4485,14,2024-04-21,1,551,5,320.35714285714283,97,39.357142857142854
534,5834,23,2023-04-16,1,149,8,253.65217391304347,468,6.478260869565218
535,1878,14,2023-10-27,2,565,4,134.14285714285714,274,40.357142857142854
536,1772,87,2024-06-08,3,958,7,20.367816091954023,49,11.011494252873563
537,7333,66,2023-01-27,6,765,8,111.10606060606061,547,11.590909090909092
538,2755,60,2023-05-28,7,202,1,45.916666666666664,426,3.3666666666666667
539,9029,75,2023-11-22,7,867,5,120.38666666666667,248,11.56
540,6084,3,2024-02-05,7,855,0,2028.0,173,285.0
541,7991,69,2023-06-23,9,594,5,115.81159420289855,400,8.608695652173912
542,8992,18,2023-06-08,2,391,3,499.55555555555554,415,21.72222222222222
543,5304,30,2023-10-03,6,109,7,176.8,298,3.6333333333333333
544,1457,68,2024-01-18,8,159,1,21.426470588235293,191,2.338235294117647
545,2346,48,2024-02-05,3,379,4,48.875,173,7.895833333333333
546,3819,1,2024-07-02,3,614,4,3819.0,25,614.0
547,6681,31,2024-02-28,6,444,5,215.51612903225808,150,14.32258064516129
548,914,41,2023-02-20,9,685,8,22.29268292682927,523,16.70731707317073
549,2616,82,2024-04-14,7,788,1,31.902439024390244,104,9.609756097560975
550,6573,75,2024-05-08,3,378,3,87.64,80,5.04
551,1750,26,2024-02-14,8,27,1,67.3076923076923,164,1.0384615384615385
552,9522,6,2023-07-03,1,581,5,1587.0,390,96.83333333333333
553,3498,88,2024-07-02,4,689,8,39.75,25,7.829545454545454
554,6685,59,2023-12-20,1,452,0,113.30508474576271,220,7.661016949152542
555,3158,85,2023-03-09,6,67,9,37.15294117647059,506,0.788235294117647
556,3262,81,2024-07-13,1,815,6,40.27160493827161,14,10.061728395061728
557,8645,17,2023-06-13,2,431,0,508.52941176470586,410,25.352941176470587
558,4271,2,2023-04-14,6,779,4,2135.5,470,389.5
559,8091,2,2024-01-23,5,94,5,4045.5,186,47.0
560,3744,15,2024-02-18,1,223,8,249.6,160,14.866666666666667
561,682,48,2023-01-02,5,205,4,14.208333333333334,572,4.270833333333333
562,3880,87,2023-11-22,8,598,1,44.59770114942529,248,6.873563218390805
563,245,41,2024-06-10,9,659,2,5.975609756097561,47,16.073170731707318
564,6773,78,2024-01-25,6,199,8,86.83333333333333,184,2.551282051282051
565,7878,41,2023-02-04,5,372,7,192.14634146341464,539,9.073170731707316
566,4182,68,2023-09-18,7,512,2,61.5,313,7.529411764705882
567,2384,37,2024-05-11,8,93,8,64.43243243243244,77,2.5135135135135136
568,9010,38,2023-08-10,6,115,4,237.10526315789474,352,3.026315789473684
569,7738,38,2023-06-14,8,893,7,203.6315789473684,409,23.5
570,7952,14,2023-04-15,1,849,8,568.0,469,60.642857142857146
571,5419,58,2023-03-14,8,972,3,93.43103448275862,501,16.75862068965517
572,9214,70,2024-07-26,5,53,1,131.62857142857143,1,0.7571428571428571
573,2707,38,2024-04-20,2,745,9,71.23684210526316,98,19.605263157894736
574,8051,37,2023-07-27,7,973,0,217.59459459459458,366,26.2972972972973
575,491,28,2023-07-03,1,40,0,17.535714285714285,390,1.4285714285714286
576,9868,11,2023-09-06,6,989,1,897.0909090909091,325,89.9090909090909
577,1646,14,2023-08-23,2,625,2,117.57142857142857,339,44.642857142857146
578,6988,15,2023-11-09,1,866,8,465.8666666666667,261,57.733333333333334
579,8979,90,2023-06-27,2,113,3,99.76666666666667,396,1.2555555555555555
580,6717,56,2023-12-07,7,239,8,119.94642857142857,233,4.267857142857143
581,7909,61,2024-07-14,4,545,3,129.65573770491804,13,8.934426229508198
582,8175,50,2024-06-07,9,681,9,163.5,50,13.62
583,279,46,2023-12-26,7,936,6,6.065217391304348,214,20.347826086956523
584,1896,11,2023-08-26,3,746,1,172.36363636363637,336,67.81818181818181
585,6472,11,2023-05-14,1,607,2,588.3636363636364,440,55.18181818181818
586,9938,29,2023-04-05,7,720,1,342.6896551724138,479,24.82758620689655
587,5535,23,2023-07-20,7,635,6,240.65217391304347,373,27.608695652173914
588,832,19,2024-03-24,6,680,0,43.78947368421053,125,35.78947368421053
589,1047,36,2023-06-18,2,262,3,29.083333333333332,405,7.277777777777778
590,7637,27,2023-07-18,4,396,1,282.85185185185185,375,14.666666666666666
591,5506,22,2024-07-11,5,519,4,250.27272727272728,16,23.59090909090909
592,9893,57,2023-01-13,1,538,1,173.56140350877192,561,9.43859649122807
593,9698,65,2023-12-02,4,635,1,149.2,238,9.76923076923077
594,3514,35,2023-12-11,1,359,8,100.4,229,10.257142857142858
595,103,66,2023-06-04,8,262,6,1.5606060606060606,419,3.9696969696969697
596,740,86,2023-01-10,9,15,2,8.604651162790697,564,0.1744186046511628
597,6218,86,2023-07-08,2,852,5,72.30232558139535,385,9.906976744186046
598,5683,96,2024-05-19,4,485,0,59.197916666666664,69,5.052083333333333
599,3960,23,2023-08-04,9,678,2,172.17391304347825,358,29.47826086956522
600,8298,47,2023-07-25,7,949,2,176.5531914893617,368,20.19148936170213
601,912,92,2024-07-04,1,789,2,9.91304347826087,23,8.576086956521738
602,9426,87,2023-03-21,8,78,3,108.34482758620689,494,0.896551724137931
603,9422,67,2024-02-12,1,355,2,140.62686567164178,166,5.298507462686567
604,8363,46,2024-07-13,1,753,1,181.80434782608697,14,16.369565217391305
605,3313,35,2023-07-28,2,918,4,94.65714285714286,365,26.228571428571428
606,5638,18,2023-02-07,4,753,4,313.22222222222223,536,41.833333333333336
607,698,17,2023-12-05,2,573,8,41.05882352941177,235,33.705882352941174
608,9296,8,2024-02-29,7,184,8,1162.0,149,23.0
609,7366,90,2023-08-20,4,400,0,81.84444444444445,342,4.444444444444445
610,7093,18,2024-05-08,5,399,7,394.05555555555554,80,22.166666666666668
611,1424,91,2023-11-10,4,152,9,15.648351648351648,260,1.6703296703296704
612,8544,39,2023-09-11,6,357,9,219.07692307692307,320,9.153846153846153
613,5357,72,2024-01-06,1,527,2,74.40277777777777,203,7.319444444444445
614,5599,76,2024-02-17,9,266,6,73.67105263157895,161,3.5
615,7861,33,2023-10-27,8,66,6,238.21212121212122,274,2.0
616,8461,84,2023-09-17,2,428,6,100.72619047619048,314,5.095238095238095
617,6221,11,2024-05-01,2,974,5,565.5454545454545,87,88.54545454545455
618,1569,67,2024-03-29,5,350,2,23.417910447761194,120,5.223880597014926
619,328,96,2023-06-12,9,685,5,3.4166666666666665,411,7.135416666666667
620,4193,92,2024-03-13,6,886,7,45.57608695652174,136,9.630434782608695
621,8566,10,2024-04-11,3,612,7,856.6,107,61.2
622,4724,9,2023-06-19,3,942,1,524.8888888888889,404,104.66666666666667
623,8178,66,2024-06-29,2,677,8,123.9090909090909,28,10.257575757575758
624,1275,45,2023-11-29,5,826,1,28.333333333333332,241,18.355555555555554
625,4211,26,2023-05-26,9,904,1,161.96153846153845,428,34.76923076923077
626,1031,64,2023-05-03,2,400,3,16.109375,451,6.25
627,3017,33,2023-08-05,8,600,9,91.42424242424242,357,18.181818181818183
628,7411,10,2023-09-13,2,313,4,741.1,318,31.3
629,2547,97,2023-07-24,9,445,9,26.257731958762886,369,4.587628865979381
630,7156,59,2023-12-31,5,7,6,121.28813559322033,209,0.11864406779661017
631,5812,76,2024-07-07,2,252,6,76.47368421052632,20,3.3157894736842106
632,3618,88,2023-07-20,5,102,2,41.11363636363637,373,1.1590909090909092
633,4083,73,2023-03-03,9,689,2,55.93150684931507,512,9.438356164383562
634,6669,42,2023-11-07,1,884,2,158.78571428571428,263,21.047619047619047
635,2913,7,2023-01-21,9,595,9,416.14285714285717,553,85.0
636,8055,65,2024-06-17,7,445,5,123.92307692307692,40,6.846153846153846
637,3116,19,2023-10-25,7,598,8,164.0,276,31.473684210526315
638,6219,46,2023-06-13,5,960,4,135.19565217391303,410,20.869565217391305
639,9827,62,2024-06-27,7,228,8,158.5,30,3.6774193548387095
640,2512,14,2024-02-14,6,589,2,179.42857142857142,164,42.07142857142857
641,6835,35,2023-03-13,4,7,5,195.28571428571428,502,0.2
642,8238,86,2023-03-13,5,324,9,95.79069767441861,502,3.7674418604651163
643,4100,19,2023-02-03,9,752,8,215.78947368421052,540,39.578947368421055
644,8893,72,2024-03-30,1,445,2,123.51388888888889,119,6.180555555555555
645,377,57,2024-06-29,3,369,1,6.614035087719298,28,6.473684210526316
646,6674,41,2024-07-06,3,509,8,162.78048780487805,21,12.414634146341463
647,8734,70,2023-03-07,9,325,7,124.77142857142857,508,4.642857142857143
648,4846,37,2024-01-30,8,336,3,130.97297297297297,179,9.08108108108108
649,5958,37,2024-01-06,4,944,7,161.02702702702703,203,25.513513513513512
650,847,25,2023-03-28,3,533,6,33.88,487,21.32
651,6058,27,2023-04-13,7,75,4,224.37037037037038,471,2.7777777777777777
652,6958,94,2023-10-20,3,28,2,74.02127659574468,281,0.2978723404255319
653,8055,18,2023-04-12,4,845,6,447.5,472,46.94444444444444
654,2503,23,2024-05-21,7,602,2,108.82608695652173,67,26.17391304347826
655,5848,8,2023-10-11,7,235,5,731.0,290,29.375
656,2513,74,2023-09-28,6,608,5,33.95945945945946,303,8.216216216216216
657,7107,17,2023-01-16,6,851,9,418.05882352941177,558,50.05882352941177
658,2045,14,2023-11-05,7,92,5,146.07142857142858,265,6.571428571428571
659,4165,97,2023-01-14,4,56,1,42.93814432989691,560,0.5773195876288659
660,2526,76,2024-07-18,2,591,1,33.23684210526316,9,7.776315789473684
661,2422,3,2023-10-23,6,137,1,807.3333333333334,278,45.666666666666664
662,6128,16,2023-11-16,8,475,1,383.0,254,29.6875
663,6057,38,2023-06-22,4,810,2,159.39473684210526,401,21.31578947368421
664,8441,18,2023-06-23,5,852,6,468.94444444444446,400,47.333333333333336
665,5668,75,2023-12-15,6,369,8,75.57333333333334,225,4.92
666,6962,8,2023-11-25,7,847,6,870.25,245,105.875
667,8920,45,2024-04-23,2,91,0,198.22222222222223,95,2.022222222222222
668,832,91,2024-01-15,6,532,7,9.142857142857142,194,5.846153846153846
669,3939,75,2023-12-07,2,583,0,52.52,233,7.773333333333333
670,3061,6,2023-01-22,7,274,9,510.1666666666667,552,45.666666666666664
671,8846,14,2023-04-26,3,87,9,631.8571428571429,458,6.214285714285714
672,6182,31,2023-12-23,3,454,4,199.41935483870967,217,14.64516129032258
673,4707,45,2023-09-05,7,325,2,104.6,326,7.222222222222222
674,910,80,2023-03-31,7,604,9,11.375,484,7.55
675,2053,7,2023-03-20,7,607,9,293.2857142857143,495,86.71428571428571
676,1088,13,2023-11-03,1,792,9,83.6923076923077,267,60.92307692307692
677,3153,1,2023-12-02,4,594,9,3153.0,238,594.0
678,6765,14,2023-01-17,1,225,3,483.2142857142857,557,16.071428571428573
679,9343,27,2023-11-26,6,220,5,346.037037037037,244,8.148148148148149
680,4747,58,2024-07-19,2,496,3,81.84482758620689,8,8.551724137931034
681,5042,16,2023-02-03,4,810,3,315.125,540,50.625
682,798,72,2024-02-05,6,948,2,11.083333333333334,173,13.166666666666666
683,9358,36,2023-08-12,6,903,9,259.94444444444446,350,25.083333333333332
684,8002,34,2023-04-04,6,261,1,235.35294117647058,480,7.676470588235294
685,4272,44,2023-06-17,7,906,1,97.0909090909091,406,20.59090909090909
686,1690,34,2024-03-17,8,576,3,49.705882352941174,132,16.941176470588236
687,3902,97,2023-01-22,4,810,8,40.22680412371134,552,8.350515463917526
688,4418,97,2024-07-26,4,476,7,45.54639175257732,1,4.907216494845361
689,4675,73,2023-03-17,5,401,7,64.04109589041096,498,5.493150684931507
690,4568,95,2023-12-09,1,128,3,48.084210526315786,231,1.3473684210526315
691,8522,99,2024-06-12,7,76,2,86.08080808080808,45,0.7676767676767676
692,4978,45,2024-05-03,9,925,5,110.62222222222222,85,20.555555555555557
693,1478,97,2024-03-08,1,479,5,15.237113402061855,141,4.938144329896907
694,5304,13,2023-07-22,4,686,1,408.0,371,52.76923076923077
695,5034,13,2024-02-08,1,18,1,387.2307692307692,170,1.3846153846153846
696,865,98,2024-01-23,8,308,2,8.826530612244898,186,3.142857142857143
697,6330,40,2023-02-01,7,898,5,158.25,542,22.45
698,5276,22,2023-09-04,4,911,8,239.8181818181818,327,41.40909090909091
699,6023,46,2023-05-25,7,483,5,130.93478260869566,429,10.5
700,8350,44,2024-01-05,3,283,8,189.77272727272728,204,6.431818181818182
701,2288,19,2023-03-02,9,179,5,120.42105263157895,513,9.421052631578947
702,7307,61,2023-05-15,5,581,6,119.78688524590164,439,9.524590163934427
703,9823,48,2024-03-16,9,169,0,204.64583333333334,133,3.5208333333333335
704,5746,51,2024-01-03,5,930,9,112.66666666666667,206,18.235294117647058
705,1981,35,2023-08-21,7,571,2,56.6,341,16.314285714285713
706,9803,98,2023-02-18,7,661,0,100.03061224489795,525,6.744897959183674
707,3053,80,2023-11-21,6,970,5,38.1625,249,12.125
708,1490,38,2024-05-18,5,591,1,39.21052631578947,70,15.552631578947368
709,8886,26,2024-05-09,5,492,6,341.7692307692308,79,18.923076923076923
710,321,61,2024-06-05,1,950,1,5.262295081967213,52,15.573770491803279
711,9964,81,2023-01-25,9,396,9,123.01234567901234,549,4.888888888888889
712,114,86,2024-03-08,2,897,4,1.3255813953488371,141,10.430232558139535
713,1867,52,2023-01-10,1,506,4,35.90384615384615,564,9.73076923076923
714,8746,26,2024-01-14,3,708,1,336.38461538461536,195,27.23076923076923
715,7799,37,2023-10-24,2,873,8,210.78378378378378,277,23.594594594594593
716,6114,42,2023-01-20,4,484,8,145.57142857142858,554,11.523809523809524
717,9930,19,2024-03-11,7,379,1,522.6315789473684,138,19.94736842105263
718,624,52,2023-07-16,5,973,7,12.0,377,18.71153846153846
719,5705,68,2024-02-26,8,65,9,83.8970588235294,152,0.9558823529411765
720,6324,26,2023-05-27,7,204,8,243.23076923076923,427,7.846153846153846
721,2031,9,2024-06-30,9,945,4,225.66666666666666,27,105.0
722,1163,53,2023-02-16,7,150,4,21.943396226415093,527,2.830188679245283
723,6350,90,2023-11-01,4,806,1,70.55555555555556,269,8.955555555555556
724,8120,28,2023-10-29,4,644,8,290.0,272,23.0
725,638,95,2024-02-27,9,544,0,6.71578947368421,151,5.726315789473684
726,1161,60,2023-03-29,2,115,0,19.35,486,1.9166666666666667
727,1461,40,2023-01-31,9,221,7,36.525,543,5.525
728,302,47,2023-07-22,8,920,4,6.425531914893617,371,19.574468085106382
729,9575,44,2024-02-05,9,408,2,217.61363636363637,173,9.272727272727273
730,1046,23,2023-06-02,8,655,6,45.47826086956522,421,28.47826086956522
731,9470,79,2023-11-09,4,610,3,119.87341772151899,261,7.7215189873417724
732,7105,25,2023-10-21,6,796,0,284.2,280,31.84
733,5221,65,2023-05-04,2,601,3,80.32307692307693,450,9.246153846153845
734,8249,51,2023-08-13,8,502,4,161.7450980392157,349,9.843137254901961
735,6441,73,2024-01-09,4,175,7,88.23287671232876,200,2.3972602739726026
736,8830,7,2023-04-14,3,818,7,1261.4285714285713,470,116.85714285714286
737,5861,69,2023-06-18,2,15,5,84.94202898550725,405,0.21739130434782608
738,7527,86,2024-01-21,7,547,4,87.52325581395348,188,6.3604651162790695
739,8117,74,2024-06-15,8,678,4,109.6891891891892,42,9.162162162162161
740,1781,34,2023-04-22,9,980,3,52.38235294117647,462,28.823529411764707
741,8602,46,2023-10-22,4,486,5,187.0,279,10.565217391304348
742,5533,7,2024-01-15,6,867,6,790.4285714285714,194,123.85714285714286
743,5228,38,2023-06-02,1,74,6,137.57894736842104,421,1.9473684210526316
744,2370,41,2023-08-07,3,998,4,57.80487804878049,355,24.341463414634145
745,3307,39,2024-03-07,5,376,8,84.7948717948718,142,9.64102564102564
746,9884,78,2024-06-12,9,158,7,126.71794871794872,45,2.0256410256410255
747,3560,17,2023-05-20,5,717,6,209.41176470588235,434,42.1764705882353
748,1123,75,2023-11-14,9,569,0,14.973333333333333,256,7.586666666666667
749,1377,21,2024-01-01,4,15,7,65.57142857142857,208,0.7142857142857143
750,4854,30,2024-05-11,5,460,1,161.8,77,15.333333333333334
751,4249,5,2024-05-31,7,521,4,849.8,57,104.2
752,5950,33,2023-01-26,4,58,6,180.3030303030303,548,1.7575757575757576
753,1919,13,2024-05-01,2,401,6,147.6153846153846,87,30.846153846153847
754,7483,2,2023-08-28,2,764,4,3741.5,334,382.0
755,7300,10,2024-03-15,7,477,5,730.0,134,47.7
756,2549,21,2023-06-22,5,505,3,121.38095238095238,401,24.047619047619047
757,4390,95,2023-05-30,9,460,6,46.21052631578947,424,4.842105263157895
758,5481,35,2023-06-09,4,327,1,156.6,414,9.342857142857143
759,4790,12,2024-03-28,6,530,6,399.1666666666667,121,44.166666666666664
760,3487,40,2023-04-07,5,611,8,87.175,477,15.275
761,9379,4,2024-05-29,1,739,4,2344.75,59,184.75
762,5543,33,2023-02-12,5,680,4,167.96969696969697,531,20.606060606060606
763,7936,91,2024-07-11,3,878,5,87.20879120879121,16,9.648351648351648
764,1687,60,2024-03-06,5,765,0,28.116666666666667,143,12.75
765,1313,13,2023-04-19,6,916,4,101.0,465,70.46153846153847
766,5634,78,2023-11-21,3,362,4,72.23076923076923,249,4.641025641025641
767,6619,25,2024-07-15,6,315,0,264.76,12,12.6
768,9784,61,2023-08-07,5,126,2,160.39344262295083,355,2.0655737704918034
769,3088,94,2023-10-09,5,643,1,32.851063829787236,292,6.840425531914893
770,1950,89,2024-01-21,6,950,5,21.910112359550563,188,10.674157303370787
771,1285,29,2024-06-21,1,433,3,44.310344827586206,36,14.931034482758621
772,3824,58,2023-03-03,2,992,2,65.93103448275862,512,17.103448275862068
773,5460,31,2023-11-05,5,135,5,176.1290322580645,265,4.354838709677419
774,1400,21,2024-04-07,4,355,3,66.66666666666667,111,16.904761904761905
775,5351,58,2023-08-17,9,524,1,92.25862068965517,345,9.03448275862069
776,5627,1,2023-01-14,5,493,9,5627.0,560,493.0
777,3829,9,2023-07-03,9,239,8,425.44444444444446,390,26.555555555555557
778,4600,6,2023-04-08,8,236,9,766.6666666666666,476,39.333333333333336
779,8808,21,2024-05-30,2,607,4,419.42857142857144,58,28.904761904761905
780,6086,33,2023-09-09,8,677,4,184.42424242424244,322,20.515151515151516
781,5619,91,2024-01-24,6,842,8,61.747252747252745,185,9.252747252747254
782,8117,4,2023-08-25,2,549,6,2029.25,337,137.25
783,2276,32,2024-07-27,3,209,0,71.125,0,6.53125
784,2623,91,2024-03-09,2,6,8,28.824175824175825,140,0.06593406593406594
785,8434,87,2024-06-10,4,846,6,96.94252873563218,47,9.724137931034482
786,3693,3,2023-04-20,7,201,2,1231.0,464,67.0
787,2511,1,2023-03-30,8,934,1,2511.0,485,934.0
788,8539,30,2023-10-19,6,502,5,284.6333333333333,282,16.733333333333334
789,7769,49,2023-07-06,6,465,9,158.55102040816325,387,9.489795918367347
790,9634,37,2023-06-28,9,520,6,260.3783783783784,395,14.054054054054054
791,5378,76,2024-01-23,6,133,4,70.76315789473684,186,1.75
792,625,96,2024-03-25,6,846,2,6.510416666666667,124,8.8125
793,3298,18,2024-06-05,3,465,9,183.22222222222223,52,25.833333333333332
794,6458,70,2024-04-25,8,220,0,92.25714285714285,93,3.142857142857143
795,7004,37,2023-09-18,6,351,6,189.2972972972973,313,9.486486486486486
796,9601,31,2023-04-06,6,607,9,309.7096774193548,478,19.580645161290324
797,4994,71,2023-07-01,1,188,5,70.33802816901408,392,2.647887323943662
798,9379,4,2024-06-08,3,124,3,2344.75,49,31.0
799,3996,72,2023-11-28,9,682,9,55.5,242,9.472222222222221
800,2982,27,2024-01-17,6,637,5,110.44444444444444,192,23.59259259259259
801,4789,48,2023-02-28,2,764,1,99.77083333333333,515,15.916666666666666
802,5310,80,2023-06-27,2,405,7,66.375,396,5.0625
803,1676,32,2024-07-19,3,763,6,52.375,8,23.84375
804,1746,72,2023-09-28,6,555,5,24.25,303,7.708333333333333
805,7966,88,2024-04-10,2,170,9,90.52272727272727,108,1.9318181818181819
806,8934,60,2023-08-19,6,5,2,148.9,343,0.08333333333333333
807,5200,14,2023-04-11,1,454,2,371.42857142857144,473,32.42857142857143
808,3317,94,2023-02-01,2,458,0,35.287234042553195,542,4.872340425531915
809,3796,93,2023-10-22,9,176,0,40.81720430107527,279,1.89247311827957
810,5340,12,2023-01-16,4,835,3,445.0,558,69.58333333333333
811,2961,8,2023-07-24,3,191,9,370.125,369,23.875
812,8015,34,2023-10-25,7,261,6,235.73529411764707,276,7.676470588235294
813,5038,9,2024-02-19,4,450,8,559.7777777777778,159,50.0
814,7977,97,2023-06-10,5,652,8,82.23711340206185,413,6.721649484536083
815,699,13,2023-11-26,5,892,8,53.76923076923077,244,68.61538461538461
816,7042,75,2023-08-12,3,586,1,93.89333333333333,350,7.8133333333333335
817,6371,76,2023-01-28,4,936,2,83.82894736842105,546,12.31578947368421
818,3627,47,2023-02-12,4,538,9,77.17021276595744,531,11.446808510638299
819,8843,87,2023-07-18,3,189,6,101.64367816091954,375,2.1724137931034484
820,106,46,2024-07-27,2,720,6,2.3043478260869565,0,15.652173913043478
821,9077,82,2023-11-11,5,319,6,110.6951219512195,259,3.8902439024390243
822,5529,32,2024-06-28,5,256,8,172.78125,29,8.0
823,6871,67,2023-03-05,8,178,4,102.55223880597015,510,2.656716417910448
824,526,39,2023-07-26,4,423,0,13.487179487179487,367,10.846153846153847
825,3926,64,2023-06-24,4,789,5,61.34375,399,12.328125
826,7875,43,2023-03-29,7,44,1,183.13953488372093,486,1.0232558139534884
827,1871,28,2024-04-17,6,107,7,66.82142857142857,101,3.8214285714285716
828,6189,71,2023-09-25,9,488,6,87.16901408450704,306,6.873239436619718
829,3437,34,2023-12-06,6,350,5,101.08823529411765,234,10.294117647058824
830,5393,69,2023-01-23,7,518,8,78.15942028985508,551,7.507246376811594
831,2159,56,2023-07-25,3,786,4,38.55357142857143,368,14.035714285714286
832,9538,72,2023-03-06,7,850,2,132.47222222222223,509,11.805555555555555
833,4164,39,2024-07-18,3,229,3,106.76923076923077,9,5.871794871794871
834,8519,93,2023-07-03,2,338,0,91.60215053763442,390,3.6344086021505375
835,9110,94,2023-04-12,2,412,2,96.91489361702128,472,4.382978723404255
836,2300,74,2024-06-07,4,301,2,31.08108108108108,50,4.0675675675675675
837,9879,28,2023-07-26,9,728,8,352.82142857142856,367,26.0
838,5810,72,2023-08-10,5,658,2,80.69444444444444,352,9.13888888888889
839,5263,50,2023-09-18,4,764,2,105.26,313,15.28
840,299,19,2023-04-05,5,699,9,15.736842105263158,479,36.78947368421053
841,4580,10,2024-04-09,7,8,0,458.0,109,0.8
842,7784,83,2023-02-11,7,907,3,93.78313253012048,532,10.927710843373495
843,9026,26,2023-08-11,1,430,9,347.15384615384613,351,16.53846153846154
844,736,61,2024-01-26,2,11,7,12.065573770491802,183,0.18032786885245902
845,2773,63,2023-06-26,2,580,4,44.01587301587302,397,9.206349206349206
846,6422,40,2023-04-08,4,770,9,160.55,476,19.25
847,9917,98,2023-08-01,7,437,8,101.1938775510204,361,4.459183673469388
848,5258,80,2024-04-10,8,956,2,65.725,108,11.95
849,9268,41,2023-04-03,6,796,8,226.0487804878049,481,19.414634146341463
850,8239,24,2024-01-31,8,402,9,343.2916666666667,178,16.75
851,9576,62,2023-12-28,1,129,7,154.4516129032258,212,2.0806451612903225
852,4834,67,2024-03-11,4,158,3,72.14925373134328,138,2.3582089552238807
853,9075,34,2024-01-04,9,61,9,266.9117647058824,205,1.7941176470588236
854,2021,77,2023-10-08,1,14,0,26.246753246753247,293,0.18181818181818182
855,3270,2,2024-02-02,4,683,3,1635.0,176,341.5
856,2797,10,2024-01-22,3,660,6,279.7,187,66.0
857,8842,10,2023-05-09,2,375,1,884.2,445,37.5
858,9762,51,2024-01-15,2,262,3,191.41176470588235,194,5.137254901960785
859,8178,3,2023-07-31,8,68,7,2726.0,362,22.666666666666668
860,3784,99,2023-10-05,1,108,0,38.22222222222222,296,1.0909090909090908
861,7888,80,2023-10-11,3,904,7,98.6,290,11.3
862,2606,68,2023-08-20,2,700,8,38.3235294117647,342,10.294117647058824
863,5421,78,2023-01-23,4,44,9,69.5,551,0.5641025641025641
864,2977,41,2024-06-19,8,535,8,72.60975609756098,38,13.048780487804878
865,3663,4,2024-03-12,3,343,8,915.75,137,85.75
866,3758,36,2023-04-20,4,404,9,104.38888888888889,464,11.222222222222221
867,5734,20,2023-09-04,8,485,0,286.7,327,24.25
868,3155,35,2023-07-23,8,288,8,90.14285714285714,370,8.228571428571428
869,7861,10,2024-01-26,4,517,9,786.1,183,51.7
870,8091,95,2023-09-25,6,119,5,85.16842105263157,306,1.2526315789473683
871,9381,58,2024-05-05,3,827,0,161.74137931034483,83,14.258620689655173
872,440,75,2024-03-13,9,850,5,5.866666666666666,136,11.333333333333334
873,5427,18,2024-02-06,1,847,3,301.5,172,47.05555555555556
874,3688,1,2024-05-24,9,676,0,3688.0,64,676.0
875,8955,45,2023-06-02,7,995,6,199.0,421,22.11111111111111
876,2003,43,2023-01-26,1,171,8,46.58139534883721,548,3.9767441860465116
877,1494,42,2024-06-04,6,491,0,35.57142857142857,53,11.69047619047619
878,7360,70,2023-08-24,2,603,1,105.14285714285714,338,8.614285714285714
879,325,93,2023-03-08,8,142,0,3.4946236559139785,507,1.5268817204301075
880,1328,52,2024-02-24,2,201,8,25.53846153846154,154,3.8653846153846154
881,1514,33,2023-03-03,3,313,9,45.878787878787875,512,9.484848484848484
882,7707,70,2023-03-31,5,613,9,110.1,484,8.757142857142858
883,500,21,2024-07-09,9,240,0,23.80952380952381,18,11.428571428571429
884,2433,71,2023-01-28,3,161,3,34.267605633802816,546,2.267605633802817
885,6754,80,2023-06-05,6,656,2,84.425,418,8.2
886,3151,79,2023-04-24,9,418,6,39.88607594936709,460,5.291139240506329
887,3897,76,2023-05-09,6,510,9,51.276315789473685,445,6.7105263157894735
888,3123,11,2024-07-22,6,440,0,283.90909090909093,5,40.0
889,6438,72,2023-04-02,1,631,5,89.41666666666667,482,8.76388888888889
890,5614,43,2024-02-14,5,556,0,130.5581395348837,164,12.930232558139535
891,1995,90,2024-03-23,5,104,6,22.166666666666668,126,1.1555555555555554
892,7881,10,2024-05-02,3,622,9,788.1,86,62.2
893,7242,53,2023-09-24,5,573,9,136.64150943396226,307,10.81132075471698
894,1621,37,2023-10-29,3,337,1,43.810810810810814,272,9.108108108108109
895,9924,91,2023-06-17,6,286,0,109.05494505494505,406,3.142857142857143
896,8818,98,2023-02-21,2,6,5,89.9795918367347,522,0.061224489795918366
897,1326,76,2023-11-12,4,898,0,17.44736842105263,258,11.81578947368421
898,9627,42,2023-08-12,2,316,5,229.21428571428572,350,7.523809523809524
899,3355,24,2023-02-19,6,88,0,139.79166666666666,524,3.6666666666666665
900,9589,64,2024-05-06,3,839,2,149.828125,82,13.109375
901,8790,73,2023-11-09,9,949,9,120.41095890410959,261,13.0
902,9070,99,2024-04-10,1,984,2,91.61616161616162,108,9.93939393939394
903,4591,83,2024-01-25,3,708,0,55.31325301204819,184,8.53012048192771
904,9948,43,2024-03-01,2,868,3,231.34883720930233,148,20.186046511627907
905,8642,87,2023-02-01,2,1,9,99.33333333333333,542,0.011494252873563218
906,5971,22,2023-05-19,3,564,4,271.40909090909093,435,25.636363636363637
907,1898,93,2023-02-21,9,15,5,20.408602150537636,522,0.16129032258064516
908,866,70,2023-01-27,5,850,8,12.371428571428572,547,12.142857142857142
909,4592,76,2023-07-29,3,618,5,60.421052631578945,364,8.131578947368421
910,3312,61,2024-01-24,6,621,2,54.295081967213115,185,10.180327868852459
911,4798,5,2023-11-26,8,709,1,959.6,244,141.8
912,5294,52,2023-02-06,7,158,4,101.8076923076923,537,3.0384615384615383
913,1897,71,2023-01-05,3,743,6,26.718309859154928,569,10.464788732394366
914,6186,66,2023-03-01,4,546,3,93.72727272727273,514,8.272727272727273
915,4088,97,2023-12-16,1,620,2,42.144329896907216,224,6.391752577319588
916,9339,12,2024-06-06,7,869,6,778.25,51,72.41666666666667
917,146,3,2023-04-14,4,187,5,48.666666666666664,470,62.333333333333336
918,6432,42,2023-02-26,3,153,8,153.14285714285714,517,3.642857142857143
919,4090,61,2023-03-21,5,229,5,67.04918032786885,494,3.7540983606557377
920,5258,64,2023-11-27,1,29,7,82.15625,243,0.453125
921,4816,65,2023-11-03,2,466,8,74.0923076923077,267,7.1692307692307695
922,8044,82,2023-10-12,8,992,0,98.09756097560975,289,12.097560975609756
923,3459,77,2023-11-21,3,885,9,44.922077922077925,249,11.493506493506494
924,9564,2,2023-02-07,5,283,6,4782.0,536,141.5
925,1218,31,2023-05-30,8,474,7,39.29032258064516,424,15.290322580645162
926,8345,51,2023-01-03,5,817,5,163.62745098039215,571,16.019607843137255
927,1361,49,2023-05-28,2,854,1,27.775510204081634,426,17.428571428571427
928,9688,45,2023-01-27,5,861,1,215.2888888888889,547,19.133333333333333
929,182,64,2023-08-07,5,276,6,2.84375,355,4.3125
930,1933,30,2024-07-22,7,110,7,64.43333333333334,5,3.6666666666666665
931,9323,83,2023-09-05,4,912,6,112.32530120481928,326,10.987951807228916
932,1119,69,2024-06-17,9,830,3,16.217391304347824,40,12.028985507246377
933,6319,73,2023-05-06,9,798,6,86.56164383561644,448,10.931506849315069
934,6371,2,2023-01-27,7,865,7,3185.5,547,432.5
935,2339,74,2023-05-11,7,447,8,31.60810810810811,443,6.04054054054054
936,6815,57,2023-02-16,2,657,0,119.56140350877193,527,11.526315789473685
937,172,75,2023-09-09,2,519,4,2.2933333333333334,322,6.92
938,6521,4,2023-01-22,2,169,8,1630.25,552,42.25
939,4315,39,2024-06-17,5,370,7,110.64102564102564,40,9.487179487179487
940,747,99,2024-05-17,8,379,1,7.545454545454546,71,3.8282828282828283
941,472,62,2024-05-03,6,258,1,7.612903225806452,85,4.161290322580645
942,7758,17,2024-02-16,1,8,7,456.3529411764706,162,0.47058823529411764
943,7603,24,2024-03-09,5,757,2,316.7916666666667,140,31.541666666666668
944,274,19,2024-04-24,8,108,6,14.421052631578947,94,5.684210526315789
945,4713,29,2023-04-21,3,582,4,162.51724137931035,463,20.06896551724138
946,8256,75,2023-12-06,3,10,3,110.08,234,0.13333333333333333
947,8026,9,2024-02-28,3,696,8,891.7777777777778,150,77.33333333333333
948,3960,22,2024-03-09,4,527,4,180.0,140,23.954545454545453
949,4207,7,2023-10-20,2,880,9,601.0,281,125.71428571428571
950,2549,99,2023-12-22,3,583,7,25.747474747474747,218,5.888888888888889
951,9320,24,2023-08-07,7,608,9,388.3333333333333,355,25.333333333333332
952,4877,19,2023-03-15,8,975,9,256.6842105263158,500,51.31578947368421
953,2626,38,2023-12-13,3,781,3,69.10526315789474,227,20.55263157894737
954,6705,45,2024-04-22,8,757,0,149.0,96,16.822222222222223
955,6303,67,2024-02-10,2,507,8,94.07462686567165,168,7.567164179104478
956,9053,99,2023-08-14,2,727,7,91.44444444444444,348,7.343434343434343
957,4961,99,2024-03-06,4,369,9,50.111111111111114,143,3.727272727272727
958,7514,66,2024-04-07,8,715,3,113.84848484848484,111,10.833333333333334
959,8370,82,2024-05-13,4,305,0,102.07317073170732,75,3.7195121951219514
960,3593,49,2024-06-09,1,479,1,73.3265306122449,48,9.775510204081632
961,688,91,2023-07-10,6,777,1,7.56043956043956,383,8.538461538461538
962,5853,51,2023-05-06,5,672,3,114.76470588235294,448,13.176470588235293
963,9610,34,2023-10-04,9,816,2,282.6470588235294,297,24.0
964,7671,17,2023-06-16,1,12,6,451.2352941176471,407,0.7058823529411765
965,7625,84,2024-01-15,1,496,0,90.77380952380952,194,5.904761904761905
966,8264,56,2023-01-01,5,10,5,147.57142857142858,573,0.17857142857142858
967,3941,29,2023-02-11,4,473,3,135.89655172413794,532,16.310344827586206
968,2298,82,2024-07-11,8,735,2,28.024390243902438,16,8.963414634146341
969,3368,51,2024-06-05,1,676,3,66.03921568627452,52,13.254901960784315
970,1341,93,2024-03-27,4,348,8,14.419354838709678,122,3.7419354838709675
971,5053,65,2023-05-24,1,756,2,77.73846153846154,430,11.63076923076923
972,2156,9,2024-03-12,7,671,9,239.55555555555554,137,74.55555555555556
973,8035,98,2023-04-19,8,949,5,81.98979591836735,465,9.683673469387756
974,2850,3,2023-05-07,5,483,7,950.0,447,161.0
975,7019,93,2024-06-30,1,613,1,75.47311827956989,27,6.591397849462366
976,7591,76,2024-03-20,6,509,4,99.88157894736842,129,6.697368421052632
977,1423,83,2023-05-23,4,424,0,17.14457831325301,431,5.108433734939759
978,2401,29,2023-07-27,5,714,7,82.79310344827586,366,24.620689655172413
979,5381,40,2023-03-03,3,405,6,134.525,512,10.125
980,7693,24,2023-11-27,4,950,2,320.5416666666667,243,39.583333333333336
981,6544,84,2024-02-21,6,328,5,77.9047619047619,157,3.9047619047619047
982,3680,20,2023-02-26,2,275,7,184.0,517,13.75
983,4772,89,2024-05-27,1,130,8,53.61797752808989,61,1.4606741573033708
984,2802,53,2023-08-07,9,19,7,52.867924528301884,355,0.3584905660377358
985,3141,85,2023-08-09,9,471,4,36.95294117647059,353,5.541176470588235
986,3834,22,2024-03-13,7,284,9,174.27272727272728,136,12.909090909090908
987,8452,26,2023-10-04,6,426,8,325.0769230769231,297,16.384615384615383
988,3837,50,2024-05-23,9,195,4,76.74,65,3.9
989,7812,40,2023-08-26,8,734,1,195.3,336,18.35
990,3754,2,2023-07-10,9,229,8,1877.0,383,114.5
991,2868,45,2023-06-25,5,649,2,63.733333333333334,398,14.422222222222222
992,6168,45,2023-08-05,8,615,1,137.06666666666666,357,13.666666666666666
993,7249,45,2024-01-14,6,363,9,161.0888888888889,195,8.066666666666666
994,6981,67,2023-01-04,6,66,9,104.19402985074628,570,0.9850746268656716
995,3380,10,2024-04-08,2,918,5,338.0,110,91.8
996,1596,26,2023-03-25,4,168,1,61.38461538461539,490,6.461538461538462
997,6386,64,2023-04-11,6,239,9,99.78125,473,3.734375
998,9071,58,2023-09-11,3,110,8,156.39655172413794,320,1.896551724137931
999,3494,80,2023-09-27,3,437,4,43.675,304,5.4625
1000,9346,63,2023-02-21,9,168,5,148.34920634920636,522,2.6666666666666665
